Serial Number,List Year,Date Recorded,Town,Address,Assessed Value,Sale Amount,Sales Ratio,Property Type,Residential Type,Non Use Code,Assessor Remarks,OPM remarks,Location
2020177,2020,4/14/2021,Ansonia,323 BEAVER ST,133000,248400,0.5354,Residential,Single Family,,,,POINT (-73.06822 41.35014)
2020225,2020,5/26/2021,Ansonia,152 JACKSON ST,110500,239900,0.4606,Residential,Three Family,,,,
2020348,2020,9/13/2021,Ansonia,230 WAKELEE AVE,150500,325000,0.463,Commercial,,,,,
2020090,2020,12/14/2020,Ansonia,57 PLATT ST,127400,202500,0.6291,Residential,Two Family,,,,
200500,2020,9/7/2021,Avon,245 NEW ROAD,217640,400000,0.5441,Residential,Single Family,,,,
200121,2020,12/15/2020,Avon,63 NORTHGATE,528490,775000,0.6819,Residential,Single Family,,,,POINT (-72.89675 41.79445)
20058,2020,6/1/2021,Barkhamsted,46 RATLUM MTN RD,203530,415000,0.490433735,Residential,Single Family,,"2003 COLONIAL, 2140 SFLA, 2.99 AC",,
200046,2020,1/25/2021,Beacon Falls,34 LASKY ROAD,158030,243000,0.6503,Residential,Single Family,,,,
200016,2020,11/13/2020,Beacon Falls,9 AVON COURT,65590,100000,0.6559,Residential,Condo,,,,
2020360,2020,8/10/2021,Berlin,94 PERCIVAL AVE,140600,190790,0.7369,Residential,Single Family,,,,
20281,2020,4/21/2021,Bethel,16 OXFORD STREET,170800,307000,0.5563,Residential,Single Family,,,,
20364,2020,6/17/2021,Bethel,1308 LEXINGTON BOULEVARD,195300,365000,0.535,Residential,Condo,,,,
20423,2020,7/21/2021,Bethel,10 CASTLE HILL ROAD,219870,325000,0.6765,Residential,Single Family,,,,
20097,2020,11/25/2020,Bethel,8 BLACKMAN AVENUE,264040,445000,0.5933,Residential,Two Family,,,,
200008,2020,10/21/2020,Bethlehem,34 HIGHLAND ROAD,82000,106000,0.7735,Residential,Single Family,,,,
20062,2020,5/10/2021,Bolton,39 STONEHEDGE LN,189400,273750,0.6918,Residential,Single Family,,,,
200305,2020,2/22/2021,Branford,49 ROSE ST TOWERS UNIT 402,97800,147000,0.6653,Residential,Condo,,,,
200400,2020,4/8/2021,Branford,460 MAIN ST,180500,355000,0.5084,Residential,Two Family,,,,
200423,2020,4/23/2021,Branford,24 COLLINS DR,147000,290000,0.5068,Residential,Single Family,,,,
200483,2020,5/18/2021,Branford,61 PALMER RD,219900,460000,0.478,Residential,Single Family,,,,
200186,2020,12/11/2020,Branford,3 GROVE CT,43400,86501,0.5017,Residential,Condo,,,,
200197,2020,12/18/2020,Branford,69 CHURCH ST,200900,320000,0.6278,Residential,Two Family,,,,
201347,2020,9/22/2021,Bristol,118 MOODY ST,117950,240000,0.4914,Residential,Single Family,,,,
201354,2020,9/23/2021,Bristol,103 BUTTERNUT LN,61950,129900,0.4769,Residential,Condo,,,,
200419,2020,1/15/2021,Bristol,MILL POND DR LOT 50,47530,100000,0.4753,Vacant Land,,,,,
200387,2020,1/6/2021,Bristol,WILDEWOOD RUN LOT 50,47530,44900,1.0585,Vacant Land,,,,,
200193,2020,11/18/2020,Bristol,14 CREST DR,150290,276000,0.5445,Residential,Single Family,,,,
200207,2020,11/23/2020,Bristol,BROAD PLACE LOTS 225-6 AND 224,8400,38500,0.2181,Vacant Land,,25 - Other,MULTIPLE LOT SALE,,POINT (-72.90406 41.66996)
200598,2020,3/19/2021,Bristol,50 ROSEMONT AVE,87500,175000,0.5,Residential,Single Family,,,,
201048,2020,7/13/2021,Bristol,17 LINCOLN ST,102270,190000,0.5382,Residential,Two Family,,,,
201081,2020,7/22/2021,Bristol,28 HULL ST,130690,190000,0.6878,Residential,Three Family,,,,
20000048,2020,11/4/2020,Brookfield,101 OBTUSE RD SOUTH,378680,537000,0.705176909,Residential,Single Family,,,,
20093,2020,2/2/2021,Burlington,57 ROCK RD,194670,275000,0.7078,Residential,Single Family,10 - A Will,ESTATE SALE,,
20188,2020,7/19/2021,Burlington,206 COVEY RD,286860,540000,0.5312,Residential,Single Family,,,,POINT (-72.97635 41.79258)
200164,2020,5/27/2021,Canton,558 CHERRY BROOK ROAD,125390,128000,0.9796,Residential,Single Family,,,,
2000478,2020,8/20/2021,Cheshire,249 REDWOOD LANE,202590,425000,0.4766,Residential,Single Family,,,,
200114,2020,1/29/2021,Colchester,133 BRAINARD RD,139200,292500,0.4758,Residential,Single Family,,,,
200185,2020,4/26/2021,Colchester,OLD AMSTON RD,55000,250000,0.22,Vacant Land,,,,,
200003,2020,10/2/2020,Colchester,LOT #11 RESERVOIR RD,44000,85000,0.5176,Vacant Land,,,,,
200142,2020,3/4/2021,Coventry,SQUIRREL TR,35600,42750,0.8327,Vacant Land,,,R/C/8,,
200192,2020,4/29/2021,Coventry,157 STONEHOUSE RD,83400,65000,1.283,Residential,Single Family,14 - Foreclosure,,,
200282,2020,7/15/2021,Coventry,1467 SOUTH ST,359800,480000,0.7495,Commercial,,,,,
200110,2020,1/14/2021,Cromwell,25 MIDWAY DR,128200,208000,0.6163,Residential,Condo,25 - Other,BAA OVERRIDE,,
200081,2020,12/14/2020,Cromwell,11 MYSTIQUE LANE,210350,322000,0.6532,Residential,Condo,,,,
200485,2020,1/13/2021,Danbury,27 CROWS NEST LA 6A,110300,195000,0.5656,Residential,Condo,,L15008-61,,
200915,2020,5/10/2021,Danbury,51 OLD BOSTON POST RD,191600,394000,0.4862,Residential,Single Family,,H22043,,
201402,2020,8/24/2021,Danbury,305 LARSON DR,188600,360000,0.5238,Residential,Condo,,C15019-19,,
200099,2020,10/20/2020,Danbury,15 SCUPPO RD 803,161400,270000,0.5977,Residential,Condo,,F14068-803,,
200284,2020,11/24/2020,Danbury,18 KING ST,203400,309000,0.6582,Residential,Single Family,,D06099,,
200384,2020,12/21/2020,Danbury,3 DANA RD,61300,90000,0.6811,Vacant Land,,,F06068,,
20176,2020,2/3/2021,Darien,14 GIDEON LANE,114170,184499,0.6188,Residential,Condo,,,,
20224,2020,3/17/2021,Darien,12 SUNNYSIDE AVE,602980,650000,0.9276,Residential,Single Family,,,,
20086,2020,11/16/2020,Darien,16 OAKSHADE AVE,746220,1140000,0.6545,Residential,Single Family,,,,
20129,2020,3/30/2021,Derby,196 ELIZABETH ST,351260,873000,0.4023,Commercial,,,,,
200108,2020,7/14/2021,East Granby,6 SCHOOLHOUSE LANDING,211100,373500,0.5651,Residential,Condo,,,,
200030,2020,12/30/2020,East Granby,17 BONNIEVIEW DRIVE,148200,260000,0.57,Residential,Single Family,,,,
200192,2020,5/10/2021,East Haddam,96 LONGWOOD DR,83020,175000,0.4744,Residential,Single Family,,,,POINT (-72.33294 41.51729)
200306,2020,9/29/2021,East Haddam,162 NORWICH SALEM RD,219810,439900,0.4996,Residential,Single Family,,,,
20426,2020,3/19/2021,East Hartford,9 ROSE ST,90680,95001,0.9545,Residential,Single Family,14 - Foreclosure,,,
20486,2020,4/19/2021,East Hartford,37 PENDLETON DR,113530,225000,0.5045,Residential,Single Family,,,,
20644,2020,6/24/2021,East Hartford,257 PROSPECT ST,83850,128000,0.655,Residential,Single Family,25 - Other,UNKNOWN,,
20795,2020,8/4/2021,East Hartford,31 MARGERY DR,107390,260000,0.413,Residential,Single Family,,,,
20913,2020,9/14/2021,East Hartford,2 LAFAYETTE AVE,87380,235000,0.3718,Residential,Single Family,14 - Foreclosure,,,
20035,2020,10/16/2020,East Hartford,54 OLMSTED ST,91210,160000,0.57,Residential,Single Family,,,,
20178,2020,12/2/2020,East Hartford,101 LAUREL ST,135990,215000,0.6325,Residential,Two Family,,,,
200194,2020,1/4/2021,East Haven,116 PLEASANT AVE,149030,360500,0.4133,Residential,Single Family,,,,
200372,2020,4/5/2021,East Haven,75 REDWOOD DR #704,89580,165000,0.5429,Residential,Condo,,,,POINT (-72.84836 41.32761)
200394,2020,4/13/2021,East Haven,19 FARVIEW AVE,146250,291000,0.5025,Residential,Single Family,,,,
200469,2020,5/13/2021,East Haven,15 ELM CT,108350,247000,0.4386,Residential,Single Family,,,,
200148,2020,12/7/2020,East Haven,6 WHEATON RD,160060,275000,0.582,Residential,Single Family,,,,
200162,2020,1/12/2021,East Lyme,38 GURLEY RD,159460,243000,0.6562,Residential,Two Family,,,,
200336,2020,5/18/2021,East Lyme,77 LOVERS LN,86100,124000,0.6943,Vacant Land,,,,,
200532,2020,9/29/2021,East Lyme,8 WINTHROP DR,219100,475000,0.4612,Residential,Single Family,,,,
200081,2020,1/29/2021,Easton,95 ROCK HOUSE ROAD,275960,370000,0.7458,Residential,Single Family,,,,
200114,2020,4/13/2021,East Windsor,12A PASCO DR,108920,144000,0.7563,Commercial,,,COMM CONDO,,
200017,2020,10/20/2020,East Windsor,131 DEPOT ST,34730,290000,0.1197,Vacant Land,,28 - Use Assessment,FARM LAND,,
200473,2020,4/28/2021,Enfield,38 RAFFIA RD,107210,205000,0.5229,Residential,Single Family,,,,
200548,2020,5/27/2021,Enfield,51 DARTMOOR,180480,330000,0.5469,Residential,Condo,,,,
200760,2020,7/27/2021,Enfield,1 VERNON RD,116790,252000,0.4634,Residential,Single Family,,,,
200932,2020,9/24/2021,Enfield,HAMLET B03UF,88610,189900,0.4666,Residential,Condo,,,,
200111,2020,11/9/2020,Enfield,197 BRAINARD RD,111550,206000,0.5415,Residential,Single Family,,,,
200086,2020,1/12/2021,Essex,34 PRATT #A,623900,650000,0.9598,Residential,Condo,,,,
200143,2020,5/11/2021,Essex,17 PARTRIDGE LN,246800,575000,0.4292,Residential,Single Family,,,,
200183,2020,7/15/2021,Essex,13 WALNUT ST,197500,400000,0.4937,Residential,Single Family,,,,
200130,2020,11/30/2020,Farmington,11 WHITEHALL PLACE,491890,765000,0.6429,Residential,Single Family,,,,
20031,2020,4/8/2021,Franklin,55 TOWNLINE BLVD,48280,69000,0.699710145,Vacant Land,,,,,
200402,2020,4/8/2021,Glastonbury,63 FOX DEN RD,247000,399000,0.619,Residential,Single Family,,,,
200708,2020,7/26/2021,Glastonbury,42 BELL ST,161300,315000,0.512,Residential,Single Family,,,,
200826,2020,9/7/2021,Glastonbury,87 BENTON LN,172800,345000,0.5008,Residential,Single Family,,,,
200120,2020,11/18/2020,Glastonbury,1326 HEBRON AVE,58500,72500,0.8068,Vacant Land,,,,,
200095,2020,6/7/2021,Goshen,44 ROCKWALL COURT,322150,628000,0.5129,Residential,Single Family,,,,
20000214,2020,7/13/2021,Granby,15 WINDMILL DR,112350,199000,0.5645,Residential,Condo,,,,
20000275,2020,9/20/2021,Granby,30 FIRETOWN RD,154210,315000,0.4895,Public Utility,,,,,
200630,2020,2/16/2021,Greenwich,2350000,1964480,2350000,0.8359,Residential,Single Family,,,,
200693,2020,3/5/2021,Greenwich,10 NIMITZ PLACE,548800,870000,0.6308,Residential,Single Family,,,,
200890,2020,4/22/2021,Greenwich,188 BIBLE STREET,737590,1364000,0.5407,Residential,Single Family,,,,POINT (-73.59662 41.05717)
201711,2020,9/9/2021,Greenwich,15 SHOAL POINT ROAD,2623950,3900000,0.6728,Residential,Single Family,,,,
200386,2020,12/18/2020,Greenwich,328 LAKE AVENUE,1908690,2850000,0.6697,Residential,Single Family,,,,
201798,2020,12/9/2020,Greenwich,9 WEST END AVE,1329090,1920000,0.6922,Residential,Single Family,,,,
201148,2020,4/1/2021,Griswold,80 QUINEBAUG CAMP RD,43610,60000,0.7268,Vacant Land,,,,,
201198,2020,5/10/2021,Griswold,94 PLEASANT VIEW,35980,36000,0.9994,Vacant Land,,,,,
201238,2020,6/21/2021,Griswold,33 RUSSEL STREET UNIT 10,47180,123800,0.381098546,Residential,Condo,,,,
200557,2020,6/22/2021,Groton,0 GOLD STAR HWY,7000,10000,0.7,Vacant Land,,,,,
200590,2020,7/7/2021,Groton,7 FOREST AVE,166040,330000,0.5031,Residential,Single Family,,,,POINT (-72.00456 41.38926)
200682,2020,8/11/2021,Groton,18 BERN CT,110810,260000,0.426192308,Residential,Single Family,,,,
200790,2020,9/27/2021,Groton,84 BEACH POND RD,297360,670000,0.4438,Residential,Single Family,,,,
200053,2020,10/19/2020,Groton,48 CREST DR,123410,260000,0.474653846,Residential,Single Family,,,,
200179,2020,12/11/2020,Groton,31 THAMES HEIGHT LN,109340,160000,0.6833,Residential,Condo,,,,
200057,2020,10/29/2020,Guilford,45 ROUND HILL RD,186910,252000,0.7417,Residential,Single Family,,,,
20428,2020,2/17/2021,Hartford,25 CHARTER OAK AVE,189770,245000,0.7745,Commercial,,,,,
20820,2020,5/28/2021,Hartford,241 WESTLAND ST,120680,240000,0.5028,Apartments,,,,,POINT (-72.68296 41.79166)
201046,2020,7/29/2021,Hartford,30 ASHLEY ST,107530,350000,0.3072,Residential,Two Family,,,,
201140,2020,8/20/2021,Hartford,255 MARTIN ST,6230,16500,0.3775,Vacant Land,,,,,
200078,2020,5/10/2021,Harwinton,42 FOX HUNT WAY,70990,110000,0.6453,Vacant Land,,,,,
200175,2020,3/11/2021,Killingly,62 ATHOL ST,55860,102000,0.5476,Residential,Condo,,,,
200097,2020,12/11/2020,Killingly,106 MAIN ST,64400,66900,0.9626,Commercial,,,,,
200043,2020,12/9/2020,Killingworth,46 TITUS COAN ROAD,354040,645000,0.5488,Residential,Single Family,,,,
20059,2020,2/18/2021,Lebanon,54 FIRST ST,121510,229900,0.5285,Residential,Single Family,,,,
20001,2020,10/5/2020,Lisbon,24 BLISSVILLE RD,127230,190000,0.6696,Residential,Single Family,,,,
200010,2020,10/5/2020,Litchfield,577 MAPLE ST,207690,345000,0.602,Residential,Single Family,,,,
200052,2020,11/16/2020,Litchfield,68 BEACH ST,149570,200000,0.7478,Residential,Two Family,,,,
200206,2020,2/25/2021,Madison,34 FAIRVIEW AVE,1298800,2175000,0.5971,Residential,Single Family,,,,
200258,2020,4/5/2021,Madison,32 JEFFERSON PARK RD,257800,475000,0.5427,Residential,Single Family,,,,
200513,2020,9/8/2021,Madison,2162 DURHAM RD,260200,501000,0.5193,Residential,Single Family,,,,
200467,2020,1/19/2021,Manchester,63 PITKIN STREET,124900,249900,0.4997,Residential,Single Family,,,,
201099,2020,8/4/2021,Manchester,151 MAPLE STREET,92900,165000,0.563,Residential,Single Family,,,,
201219,2020,9/3/2021,Manchester,236 WEST CENTER STREET,103300,210000,0.4919,Residential,Single Family,,,,
200030,2020,10/7/2020,Manchester,53 NORTH STREET,173900,250000,0.6956,Residential,Four Family,,,,
200095,2020,3/2/2021,Mansfield,42 SAWMILL BROOK RD,279000,435000,0.6413,Residential,Single Family,,,,
200198,2020,6/25/2021,Mansfield,5 MOUNTAIN RD,145300,250000,0.5812,Residential,Single Family,,,,
200268,2020,8/26/2021,Mansfield,40 OLD KENT RD,155900,284400,0.5481,Residential,Single Family,,,,
200056,2020,12/21/2020,Mansfield,23 PHILIP DR,194900,307000,0.6348,Residential,Single Family,,,,
200562,2020,3/15/2021,Meriden,302 EAST MAIN ST,111090,150000,0.7406,Commercial,,,,,
200784,2020,5/17/2021,Meriden,69 LINSLEY AVE,165830,325000,0.5102,Apartments,,,,,
200961,2020,7/1/2021,Meriden,52 ROYAL OAK CIR,130340,305000,0.4273,Residential,Single Family,,,,
201015,2020,7/16/2021,Meriden,209 BLACKSTONE VLG,37240,114900,0.3241,Residential,Condo,,,,
201123,2020,8/16/2021,Meriden,30 LA MIRAGE,74060,145000,0.5107,Residential,Condo,,,,
201166,2020,8/26/2021,Meriden,6006 MEETINGHOUSE VLG,59430,135000,0.4402,Residential,Condo,,,,
200177,2020,6/9/2021,Middlebury,289 BURR HALL RD,1144200,1676250,0.682595078,Residential,Single Family,,,,
200531,2020,4/5/2021,Middletown,87 WESTWOOD LA,285040,400000,0.7126,Residential,Single Family,,,,
200888,2020,7/29/2021,Middletown,PHEDON PKWY,49220,100000,0.4922,Vacant Land,,,,,
200092,2020,11/2/2020,Middletown,1692 BARTHOLOMEW RD,170650,325000,0.525,Residential,Single Family,,,,
200217,2020,12/1/2020,Middletown,23 WILLOW AVE,106640,162900,0.6546,Residential,Single Family,,,,
201770,2020,9/13/2021,Milford,104 WATERBURY AVE,206390,500000,0.4127,Vacant Land,,,,,
200378,2020,12/7/2020,Milford,51 CARRIAGE DR,87590,170000,0.5152,Residential,Condo,,,,
201265,2020,6/22/2021,Milford,95 FOREST RD,165000,300000,0.55,Residential,Condo,,,,
20186,2020,2/19/2021,Monroe,22 FIELD ROCK RD,325100,500000,0.6502,Residential,Single Family,,,,
20001,2020,10/1/2020,Monroe,169 MONROE TPKE,667500,1093500,0.6104,Commercial,,,,,
20217,2020,4/12/2021,Montville,1691 ROUTE 32 UNIT E6,84600,130000,0.6507,Residential,Condo,,,,
20016,2020,10/14/2020,Montville,45 OAK HILL RD,129810,240000,0.5408,Residential,Single Family,,,,
2000363,2020,3/26/2021,Naugatuck,191 GORMAN ST,135520,255000,0.5314,Residential,Single Family,,,,
2000473,2020,5/18/2021,Naugatuck,33 FAIRCHILD ST,98900,184500,0.536,Residential,Single Family,,,,
2000546,2020,6/21/2021,Naugatuck,255 PARK AVE,126630,301000,0.420697674,Residential,Single Family,,,,
20329,2020,1/4/2021,New Britain,13 LASALLE ST,63630,65000,0.9789,Residential,Single Family,,,,
20572,2020,3/31/2021,New Britain,190 WYNOLA AVE,117670,270000,0.4358,Residential,Two Family,,,,
20918,2020,7/12/2021,New Britain,36-E NORTH MOUNTAIN RD,63560,135000,0.4708,Residential,Condo,,,,
20961,2020,7/20/2021,New Britain,203 FAIRWAY DR,104370,160000,0.6523,Residential,Single Family,,,,
20059,2020,10/15/2020,New Britain,320 LEWIS RD,127610,182500,0.6992,Residential,Condo,,,,
20066,2020,10/16/2020,New Britain,270 HIGH ST,174580,305000,0.5723,Apartments,,,,,
200310,2020,4/7/2021,New Canaan,43 JENNIFER LA,978670,1700000,0.5756,Residential,Single Family,,,,
200156,2020,12/30/2020,New Canaan,134 MARSHALL RIDGE RD,705110,1410000,0.5,Residential,Single Family,,,,
200216,2020,4/15/2021,New Fairfield,10 HILLTOP,187500,395000,0.4746,Residential,Single Family,,,,
200366,2020,1/14/2021,New Haven,50 ANITA ST,156170,250000,0.6246,Residential,Single Family,,,,
200590,2020,3/23/2021,New Haven,WEYBOSSET ST,27300,50000,0.546,Vacant Land,,,,,
200693,2020,4/19/2021,New Haven,26 LYON ST,185360,360000,0.5148,Residential,Three Family,,,,
200993,2020,6/7/2021,New Haven,97 HARBOUR CLOSE,116410,230000,0.5061,Residential,Condo,,,,
201064,2020,6/22/2021,New Haven,38 SPERRY ST,109900,160000,0.6868,Commercial,,,,,
200243,2020,12/7/2020,New Haven,225 QUINNIPIAC AV,103320,280000,0.369,Residential,Two Family,,,,
200267,2020,12/11/2020,New Haven,140 EVERIT ST,480620,685000,0.7016,Residential,Single Family,,,,
201439,2020,9/20/2021,New London,184 PEQUOT AVE UNIT 103,103250,159900,0.6457,Residential,Condo,,,,
200086,2020,12/3/2020,New London,958-960 BANK ST,1385860,4800000,0.2887,Commercial,,,,,
20675,2020,7/30/2021,Newtown,9 ALPINE CIRCLE,140570,300000,0.4685,Residential,Single Family,,,,
20690,2020,8/9/2021,Newtown,113 MT. PLEASANT ROAD,9210,21000,0.4385,Vacant Land,,,,,
20742,2020,8/30/2021,Newtown,157 HANOVER ROAD,325640,508000,0.641,Residential,Single Family,,,,
20079,2020,10/27/2020,Newtown,17 NARRAGANSSET TRAIL,249860,463000,0.5396,Residential,Single Family,,,,
20140,2020,11/18/2020,Newtown,1 WATKINS DRIVE,232200,350000,0.6634,Residential,Condo,,,,
20200018,2020,1/14/2021,North Canaan,COLLEGE HILL RD,37590,38000,0.9892,Vacant Land,,,,,
20177,2020,2/2/2021,North Haven,20 CLOUDLAND RD,178070,245000,0.7268,Residential,Single Family,,,,
20110,2020,12/1/2020,North Haven,26 NETTLETON AVE,135740,203000,0.6686,Residential,Single Family,,,,
200991,2020,3/17/2021,Norwalk,169 EAST AVE,349212,445000,0.7847,Commercial,,,1-52-35-0,,
201162,2020,4/21/2021,Norwalk,2 TERRY LN UNIT 2,168670,295000,0.5717,Residential,Condo,,5-83-153-2,,
202236,2020,5/4/2021,Norwalk,238 ROWAYTON AVE,461440,805000,0.5732,Residential,Single Family,,6-23A-18-0,,
202439,2020,6/8/2021,Norwalk,163 MAIN ST,839080,1225000,0.6849,Commercial,,,1-87-6-0,,
202508,2020,6/18/2021,Norwalk,2 CORNWALL RD,302270,587500,0.514502128,Residential,Single Family,,5-52-183-0,,
202953,2020,9/1/2021,Norwalk,2 SOUTH MAIN ST UNIT W201,147600,235000,0.628,Residential,Condo,,2-43-21-W201,,
200198,2020,11/4/2020,Norwalk,161 SILVERMINE AVE,384990,600000,0.6416,Residential,Single Family,,5-45-54-0,,
200569,2020,12/9/2020,Norwalk,62 GLENROCK,217540,330000,0.6592,Residential,Condo,,5-38A-14-F62,,
200586,2020,12/11/2020,Norwalk,11 BEDFORD AVE UNIT J1,109310,178000,0.6141,Residential,Condo,,1-33-31-J1,,
200299,2020,1/20/2021,Norwich,303 MOHEGAN PARK RD #133,1100,2110040,0.000521317,Vacant Land,,30 - Auction,,,
200373,2020,1/20/2021,Norwich,303 MOHEGAN PARK RD #42,1100,2110040,0.0005,Vacant Land,,25 - Other,MULTI PARCEL SALE,,
200518,2020,3/2/2021,Norwich,38 HOOPER ST #6,84400,136500,0.6183,Residential,Condo,,,,
200629,2020,4/16/2021,Norwich,45 WEBER FARM RD,203700,335000,0.608,Residential,Single Family,,,,
200789,2020,6/15/2021,Norwich,146 BROMLEY ST,21000,25000,0.84,Vacant Land,,,,,
200071,2020,10/29/2020,Norwich,21 HUNTINGTON PL,133900,215000,0.6227,Residential,Two Family,,,,
200102,2020,4/1/2021,Old Lyme,146-1 BOSTON POST RD,124700,220000,0.5668,Residential,Single Family,10 - A Will,,,
200250,2020,8/30/2021,Old Lyme,34-5 POND RD,416000,660000,0.6303,Residential,Condo,,,,
2020132,2020,2/23/2021,Old Saybrook,514 MAIN ST,742600,1275000,0.5824,Residential,Single Family,,,,
2020248,2020,5/28/2021,Old Saybrook,175 FERRY RD UNIT 9,246500,490000,0.503,Residential,Condo,,,,
202075,2020,12/23/2020,Old Saybrook,380 MAIN ST,323500,825000,0.3921,Residential,Single Family,,,,
20162,2020,6/14/2021,Orange,605 DOGWOOD RD,283200,500000,0.5664,Residential,Single Family,,,,
20193,2020,7/13/2021,Orange,436 WILDWOOD DR,240300,385000,0.6241,Residential,Single Family,,,,
20343,2020,7/13/2021,Plainfield,0 HIGHLAND ST,10390,17000,0.611176471,Vacant Land,,,,,
20076,2020,12/3/2020,Plainfield,219 SPAULDING RD,153660,290000,0.529862069,Residential,Single Family,,,,
200377,2020,8/16/2021,Plainville,492 EAST ST B-36,41090,89900,0.457,Residential,Condo,,,,
200106,2020,12/23/2020,Plainville,111 WEST MAIN ST,53970,75000,0.7196,Commercial,,,,,
202000106,2020,1/28/2021,Plymouth,325 MAIN ST,596470,833111,0.7159,Commercial,,,,,
200015,2020,10/16/2020,Portland,9 CULVER LN,56420,56400,1.0003,Vacant Land,,,052-0002,,
200059,2020,2/19/2021,Preston,98 COOKTOWN RD,48700,65000,0.7492,Vacant Land,,,,,
200197,2020,7/16/2021,Putnam,110 POMFRET ST,95100,175000,0.5434,Residential,Three Family,,,,
200093,2020,1/22/2021,Rocky Hill,39 STEVENS PLACE,108360,178000,0.6087,Residential,Condo,,,,
200207,2020,6/10/2021,Rocky Hill,402 THE MEWS,120890,234900,0.5146,Residential,Condo,,,,
200234,2020,7/1/2021,Rocky Hill,302 BRIARWOOD COURT,110810,185000,0.5989,Residential,Condo,,,,
200010,2020,10/22/2020,Rocky Hill,59 HIGHCREST DRIVE,128870,193000,0.6677,Residential,Condo,,,,
200573,2020,10/21/2020,Salem,109 MUSIC VALE RD,150600,230000,0.6547,Residential,Single Family,,,,POINT (-72.26393 41.48326)
20200055,2020,2/17/2021,Sharon,LAMBERT RD,311000,415000,0.7493,Vacant Land,,25 - Other,MULTIPLE PARCELS,,
200939,2020,9/20/2021,Shelton,176-178 HOWE AVE,156380,400000,0.3909,Residential,Two Family,,,,
200086,2020,10/29/2020,Shelton,27 ROULEAU LA,254560,500500,0.5086,Residential,Single Family,,,,
200368,2020,2/25/2021,Shelton,197 BEARDSLEY RD,132440,875000,0.1513,Vacant Land,,28 - Use Assessment,,,
200476,2020,4/7/2021,Shelton,63 GREYSTONE ON THE LAKE,242410,399901,0.6061,Residential,Condo,,,,
200094,2020,11/18/2020,Simsbury,7 TIMBER RIDGE DRIVE,228250,350000,0.6521,Residential,Single Family,,,,
20016,2020,10/5/2020,Southbury,996 A HERITAGE VILLAGE,94840,175000,0.5419,Residential,Condo,,,,
200319,2020,3/5/2021,South Windsor,70 RONDA DR,136600,310000,0.4406,Residential,Single Family,,,,
200424,2020,5/10/2021,South Windsor,69 OAKLAND RD,294800,725000,0.4066,Commercial,,,,,
200470,2020,6/9/2021,South Windsor,107 TROY RD,162400,325000,0.4996,Residential,Single Family,,,,
2001788,2020,6/10/2021,Stamford,49 GLENBROOK ROAD #302,151670,275000,0.5515,Residential,Condo,,,,
2000511,2020,12/4/2020,Stamford,165 SEASIDE AVENUE #2,309550,405000,0.7643,Residential,Condo,,,,
2002321,2020,8/6/2021,Stamford,3 DEAN STREET #B-2,90520,178000,0.5085,Residential,Condo,,,,
200183,2020,1/11/2021,Stonington,26 GARDEN ST,120500,224000,0.5379,Residential,Single Family,,,,
200237,2020,3/2/2021,Stonington,HEWITT RD,68900,148600,0.4636,Vacant Land,,,,,
20200704,2020,4/1/2021,Stratford,30 BAXTER STREET,189840,339000,0.56,Residential,Single Family,10 - A Will,ESTATE SALE,,
20200951,2020,6/15/2021,Stratford,53 ASHWOOD TERRACE,295540,575000,0.5139,Residential,Single Family,,,,
20201362,2020,9/22/2021,Stratford,50 MEADOWLARK LANE,180670,385000,0.4692,Residential,Single Family,,,,
200158,2020,3/15/2021,Suffield,11 HIDDEN WAY,60060,125000,0.4804,Vacant Land,,,,,
200160,2020,3/18/2021,Suffield,550 N MAIN ST,192640,350000,0.5504,Residential,Single Family,,,,
200251,2020,6/15/2021,Suffield,37 GOOSEBERRY DR,245350,399718,0.6138,Residential,Condo,,,,
200016,2020,10/14/2020,Suffield,1190 NEWGATE RD,188930,340000,0.5556,Residential,Single Family,,,,
200156,2020,8/2/2021,Thomaston,4 ELLEN LN,202090,390000,0.5181,Residential,Single Family,,,,
200046,2020,12/14/2020,Thomaston,3 BRADLEY WAY,133210,289900,0.4595,Residential,Condo,,,,
20026,2020,10/29/2020,Thompson,84 MAIN ST,112900,180000,0.6272,Commercial,,,DAYCARE,,
2020215,2020,5/10/2021,Tolland,33 FOREST LANE,85400,120000,0.7116,Vacant Land,,,,,
2020065,2020,12/20/2020,Tolland,H2 TOLLAND MEADOWS,55200,90000,0.6133,Residential,Condo,01 - Family,,,
200061,2020,10/22/2020,Torrington,17 CANTERBURY CT,109360,194000,0.5637,Residential,Single Family,,,,
200217,2020,12/3/2020,Torrington,343 AETNA AVE,103780,125000,0.8302,Residential,Single Family,,,,
200283,2020,12/21/2020,Torrington,54 IOWA ST,86880,90000,0.9653,Residential,Two Family,,,,
200312,2020,2/22/2021,Trumbull,8 SPINNING WHEEL RD,323890,585000,0.5536,Residential,Single Family,,,,
200461,2020,5/4/2021,Trumbull,36 FARMSTEAD LN,414960,720000,0.5763,Residential,Single Family,,,,
200692,2020,8/9/2021,Trumbull,191 TELLER RD,247520,485000,0.5103,Residential,Single Family,,,,
200745,2020,9/2/2021,Trumbull,46 REGENCY CIR,301980,550000,0.549,Residential,Condo,,,,
200035,2020,10/26/2020,Trumbull,103 CIDER MILL LANE,215270,425000,0.5065,Residential,Condo,,,,
200345,2020,5/4/2021,Vernon,100 HILLSIDE AVENUE,122330,220000,0.556,Residential,Single Family,,,,
200428,2020,6/16/2021,Vernon,206 TALCOTTVILLE RD,527100,1370000,0.3847,Commercial,,,,,
200502,2020,7/19/2021,Vernon,70-343 OLD TOWN RD,100780,170000,0.5928,Residential,Condo,,,,
200604,2020,9/8/2021,Vernon,21 EAST ST,119440,192150,0.6215,Residential,Single Family,,,,
200114,2020,12/1/2020,Vernon,53 HANY LN,156130,230000,0.6788,Residential,Single Family,08 - Part Interest,,,
200017,2020,11/2/2020,Washington,66 CALHOUN ST,593410,1275000,0.4654,Residential,Single Family,,,,
200857,2020,1/6/2021,Waterbury,985 BANK ST,355910,919975,0.3868,Apartments,,,,,
201281,2020,3/17/2021,Waterbury,20 MORTON RD,82370,145000,0.568,Residential,Single Family,,,,
201445,2020,4/20/2021,Waterbury,76 OAK ST,33280,160000,0.208,Residential,Three Family,,,,
201579,2020,5/10/2021,Waterbury,35 EDSON AVE,101000,298000,0.3389,Residential,Three Family,,,,
202421,2020,9/1/2021,Waterbury,142 FAIRMOUNT ST,69180,110000,0.6289,Residential,Single Family,,,,
202566,2020,9/21/2021,Waterbury,199 PEARL LAKE RD,66850,200000,0.3342,Residential,Single Family,,,,
202623,2020,9/29/2021,Waterbury,102 LEDGESIDE AVE,116910,275000,0.4251,Apartments,,,,,
200245,2020,10/20/2020,Waterbury,50 BARRINGTON LANE,92120,195000,0.4724,Residential,Single Family,,,,
200435,2020,11/17/2020,Waterbury,20 CHERYL DR,91270,101000,0.9036,Residential,Single Family,09 - Tax,,,
20458,2020,6/18/2021,Waterford,4 DONNA ST,271240,710000,0.382,Residential,Single Family,,,,
20511,2020,7/21/2021,Waterford,12 CENTER RD,169450,300000,0.5648,Residential,Single Family,,,,
20048,2020,10/21/2020,Waterford,13 SPITHEAD ROAD,62240,81000,0.7683,Vacant Land,,,,,
20329,2020,3/29/2021,Watertown,0 CARUSO DR,69500,165000,0.4212,Vacant Land,,,,,
20656,2020,4/19/2021,Watertown,143 FALLS AVE,140600,269900,0.5209,Residential,Two Family,,,,
20711,2020,5/26/2021,Watertown,15 COTTAGE PL,124900,230000,0.543,Residential,Two Family,,,,
20771,2020,7/13/2021,Watertown,245 CHERRY AVE A24,51900,140000,0.3707,Residential,Condo,,,,
20812,2020,8/13/2021,Watertown,84 EAST ST,126200,260000,0.4853,Residential,Single Family,,,,
20955,2020,9/24/2021,Watertown,184 PLATT RD,343900,925000,0.3717,Residential,Single Family,,,,
200105,2020,2/17/2021,Westbrook,66 BROOKWOOD DR,78590,115000,0.6833,Vacant Land,,,VACANT RES,,
10573,2001,1/10/2002,Danbury,166 OLD BROOKFIELD RD,81100,180000,0.450555556,,,,,,
10540,2001,8/16/2002,Guilford,6 LAUREL RDG,187530,386500,0.485200517,,,,,,
200406,2020,1/12/2021,West Hartford,22 SANDHURST DRIVE,198520,319900,0.6205,Residential,Single Family,,,,
200557,2020,3/12/2021,West Hartford,23 TIMBERWOOD ROAD,166670,305000,0.5464,Residential,Condo,,,,
10177,2001,2/27/2002,Bethel,211 LEXINGTON BLVD,47600,109900,0.433121019,,,7,,,
201038,2020,7/6/2021,West Hartford,12 HARWICH LANE,179970,300000,0.5999,Residential,Condo,,,,
10050,2001,6/18/2002,Hampton,741 POMFRET RD,60260,145500,0.414158076,,,28,,,
10195,2001,1/2/2002,Branford,28 SUNDANCE,42210,65900,0.640515933,,,,,,
11252,2001,8/13/2002,West Hartford,95 BROOKMOOR RD,97780,219500,0.44546697,,,,,,
200128,2020,11/3/2020,West Hartford,18 HUGH STREET,156870,245000,0.6402,Residential,Single Family,,,,
200320,2020,12/18/2020,West Hartford,83 SOUTH STREET,511000,650000,0.7861,Commercial,,,,,
10168,2001,1/31/2002,Berlin,1091-1101 FARMINGTON AVE,520380,40000,13.0095,,,8,,,
2000513,2020,7/20/2021,Wethersfield,215 NOTT ST,144050,257500,0.5594,Residential,Single Family,,,,
2000553,2020,8/9/2021,Wethersfield,161 GARDEN ST,210480,426000,0.494,Residential,Single Family,,,,
11714,2001,8/6/2002,Danbury,14 FIFTH ST,91900,247000,0.372064777,,,,,,
10236,2001,7/29/2002,Canton,45 WESTWOOD DR,56780,126000,0.450634921,,,,,,
2000076,2020,11/10/2020,Wethersfield,20 FLETCHER RD,126960,240000,0.529,Residential,Single Family,,,,
20200034,2020,1/4/2021,Willington,8 BALAZS RD,65770,125000,0.5261,Vacant Land,,,,,
10150,2001,3/7/2002,Madison,167 FIVE FIELD RD,196200,435000,0.451034483,,,,,,
2020333,2020,5/25/2021,Wilton,27 VILLAGE WALK,192710,301000,0.6402,Residential,Condo,,,,
10975,2001,7/23/2002,Manchester,9 3 OAK FOREST DR,76500,139000,0.550359712,,,,,,
2020059,2020,11/2/2020,Wilton,72 GLEN VIEW,211890,334500,0.6334,Residential,Condo,,,,
2020121,2020,12/3/2020,Wilton,98 OLD BELDEN HILL RD,607250,830000,0.7316,Residential,Single Family,,,,
20188,2020,5/3/2021,Winchester,24 ROYER STREET,100450,200000,0.5022,Residential,Two Family,,,,
10120,2001,8/7/2002,Ashford,390 TURNPIKE RD,31170,264900,0.117667044,,,7,,,
200188,2020,4/21/2021,Windham,144 MAIN ST,100340,245000,0.4095,Commercial,,,,,
200211,2020,6/18/2021,Windsor Locks,67 SUFFIELD ST,116410,261000,0.446,Residential,Single Family,,,,
10878,2001,5/6/2002,Hartford,103 LEDGER ST,51170,134000,0.381865672,,,,,,
200012,2020,10/9/2020,Windsor Locks,7 DIBBLE HOLLOW,130550,198400,0.658,Residential,Condo,,,,
200392,2020,9/16/2021,Wolcott,11 ELRAE DR,228480,368500,0.62,Residential,Single Family,07 - Change in Property,NEW CONSTRUCTION,,
10022,2001,10/19/2001,Killingly,94 STONE RD,17630,26000,0.678076923,,,,,,
11035,2001,7/7/2002,Hartford,73-75 JAMES ST,80290,145750,0.550874786,,,,,,
10389,2001,7/3/2002,Avon,527 NEW RD,94520,199000,0.474974874,,,,,,
200177,2020,8/12/2021,Woodbridge,907 BALDWIN RD,343140,600000,0.5719,Residential,Single Family,,,,
10744,2001,2/21/2002,Danbury,45 POCONO LN 8,182200,334000,0.545508982,,,,,,
200080,2020,2/8/2021,Woodstock,6 FAWN RIDGE,54700,125000,0.4376,Residential,Condo,,,,
10703,2001,3/27/2002,Hartford,46-48 DEERFIELD AVE,58030,0,0,,,11,,,
200577,2020,6/2/2021,Enfield,23 COTTAGE RD,155200,229900,0.675,Residential,Single Family,25 - Other,GRANTOR HOLDS MORTGAGE,,POINT (-72.53819 42.02104)
20445,2020,8/12/2021,Bethel,75 ROCKWELL ROAD,252140,483000,0.522,Residential,Single Family,,,,POINT (-73.3837 41.38988)
200693,2020,3/9/2021,Danbury,10 BOUGHTON ST,246700,399000,0.6182,Residential,Three Family,,I14131,,
200210,2020,7/12/2021,Mansfield,156 HILLYNDALE RD,169400,345000,0.491,Residential,Single Family,,,,
200260,2020,4/27/2021,Avon,24 KING RICHARDS COURT,469820,672050,0.699,Residential,Single Family,,,,
200305,2020,1/26/2021,Enfield,15 SALERNO DR,233660,410000,0.5699,Residential,Single Family,,,,
20398,2020,2/4/2021,Hartford,135 FRANKLIN AVE & 34 STANDISH,229950,550000,0.418090909,Commercial,,24 - Plottage,,,
200789,2020,8/23/2021,Glastonbury,102 CHATHAM HILL RD,476500,767500,0.6208,Residential,Single Family,,,,
200772,2020,9/17/2021,Groton,30 SUNNYSIDE PARK,112840,265000,0.4258,Residential,Single Family,,,,POINT (-72.05687 41.35153)
201446,2020,7/20/2021,Greenwich,14 RIVERVIEW COURT,620480,965000,0.6429,Residential,Single Family,,,,
200507,2020,9/14/2021,Avon,15 COTTONWOOD DRIVE,96550,184900,0.5221,Residential,Condo,,,,POINT (-72.87917 41.77202)
2020108,2020,1/8/2021,Ansonia,145 PULASKI HWY,136100,269000,0.5059,Residential,Single Family,,,,POINT (-73.04455 41.33126)
200060,2020,4/6/2021,East Granby,8 MILLER ROAD,116900,215000,0.5437,Residential,Single Family,,,,
200544,2020,6/2/2021,Glastonbury,112 ABBEY RD,343800,612500,0.5613,Residential,Single Family,,,,
200226,2020,7/30/2021,Litchfield,104 MEADOW ST,122270,267500,0.457,Residential,Single Family,,,,POINT (-73.19105 41.74378)
200007,2020,11/4/2020,Lyme,23 HONEY HILL LANE,227149,530000,0.4285,Residential,Single Family,28 - Use Assessment,,,
20041,2020,6/14/2021,Franklin,189 KAHN RD,225990,380000,0.5947,Residential,Single Family,,,,POINT (-72.18625 41.59577)
20000009,2020,10/8/2020,Brookfield,35 INDIAN TRAIL,315430,660000,0.4779,Residential,Single Family,25 - Other,SOLD WITH 36A INDIAN TRAIL,,
20138,2020,5/12/2021,Burlington,33 FAWN HILL DR,238350,330000,0.7222,Residential,Single Family,,SENDING SALES VERIFICATION,,
20010,2020,12/1/2020,Colebrook,47 FLAGG HILL ROAD,203700,178000,1.1443,Residential,Single Family,25 - Other,SENT SALES VERIFICATION,,
200000324,2020,7/7/2021,Brookfield,30 GREAT HERON LN,327010,467000,0.7002,Residential,Condo,,,,POINT (-73.41341 41.49007)
201312,2020,8/26/2021,Griswold,17-19 SCHOOL RD,108430,150000,0.722866667,Residential,Two Family,07 - Change in Property,DUPLEX,RENOVATED ONE UNIT PER MLS - SEE PREVIOUS SALE #201127,
200221,2020,2/19/2021,Guilford,14 HAZEL RD,163820,301473,0.5433,Residential,Single Family,,,,POINT (-72.68639 41.32941)
200207,2020,8/25/2021,Essex,36 SAYBROOK RD,248400,462500,0.537,Residential,Single Family,,,,
200408,2020,12/24/2020,Danbury,15 SCUPPO RD 1503,130800,260000,0.503,Residential,Condo,,F14068-1503,,
201049,2020,7/23/2021,Manchester,36I MARJORIE LANE,106500,204000,0.522,Residential,Condo,,,,
200188,2020,2/2/2021,East Lyme,56 CARRIAGE HILL RD,146860,272500,0.5389,Residential,Single Family,,,,POINT (-72.22088 41.32678)
201129,2020,8/19/2021,Hartford,20 GIDDINGS ST,114954,360000,0.3193,Residential,Two Family,,,,
200930,2020,4/30/2021,Greenwich,19 PINTAIL LANE,1481130,2545000,0.581976424,Residential,Single Family,,,,POINT (-73.61643 41.03323)
20481,2020,8/30/2021,Bethel,7 DRUID LANE,54929,589294,0.093211538,Residential,Condo,07 - Change in Property,,,POINT (-73.57967 41.03446)
201234,2020,5/25/2021,Cromwell,11 BRITTANY CIRCLE,214690,355000,0.6047,Residential,Single Family,,,,POINT (-72.65784 41.61029)
200020,2020,4/26/2021,Bozrah,BRUSH HILL RD,41650,99000,0.4207,Vacant Land,,,,,
200076,2020,1/20/2021,East Windsor,ELLSWORTH RD,10460,149900,0.0697,Vacant Land,,24 - Plottage,INCL 2 PAR ON ELLSWORTH & 1 ON RYE ST,,
200622,2020,2/23/2021,Danbury,60 PADANARAM RD D23,126400,231400,0.5462,Residential,Condo,,G09096-23,,POINT (-73.46193 41.41661)
20000104,2020,12/14/2020,Brookfield,14 BRISTOL PATH UNIT #14,141730,215000,0.659209302,Residential,Condo,25 - Other,SOLD W/ GARAGE,,POINT (-73.39126 41.46692)
200223,2020,2/23/2021,Guilford,173 MIDDLE RD,162820,285000,0.5712,Residential,Single Family,,,,
2020133,2020,1/13/2021,Berlin,147 WOODHAVEN DRIVE,174600,339000,0.515,Residential,Single Family,,,,
200400,2020,12/28/2020,Manchester,42 LONGVIEW DRIVE,256300,470000,0.5453,Residential,Single Family,,,,
200574,2020,1/8/2021,Manchester,1076 TOLLAND TURNPIKE,116100,338376,0.3431,Commercial,,09 - Tax,TAX SALE / SALES PRICE INCLUDES 15 DEPOT STREET & 1082 TOLLAND TURNPIKE,,
2020046,2020,11/5/2020,Berlin,18 WINDING MEADOW DRIVE,194200,299900,0.6475,Residential,Single Family,,,,
200707,2020,9/10/2021,Farmington,75 PINNACLE RD,323480,650000,0.4976,Residential,Single Family,,CASH SALE ? NO MORTGAGE,,POINT (-72.83851 41.70204)
201148,2020,8/24/2021,Hartford,21 ELLIOTT ST,76918,280000,0.274707143,Residential,Three Family,,,,POINT (-72.67447 41.74625)
20000209,2020,3/18/2021,Brookfield,162 LONG MEADOW HILL RD,237840,375000,0.6342,Residential,Single Family,25 - Other,ESTATE,,POINT (-73.40103 41.5027)
200000382,2020,8/19/2021,Brookfield,10 MEADOW DR,223440,450000,0.4965,Residential,Single Family,,,,
20166,2020,1/25/2021,Darien,159 MIDDLESEX ROAD,693980,940000,0.7382,Residential,Single Family,,,,POINT (-73.49851 41.07618)
200013,2020,10/15/2020,Bloomfield,95 SPRINGWOOD LN,206640,285000,0.725,Residential,Single Family,,,,
200052,2020,11/25/2020,Colchester,308 WESTCHESTER RD,133900,315000,0.425,Residential,Single Family,07 - Change in Property,UNDER CONSTRUCTION,,
200052,2020,2/4/2021,Goshen,36 SANDY BEACH ROAD,211730,290000,0.730103448,Residential,Single Family,07 - Change in Property,current structure no value/ must be removed - PER MLS,PER MLS SALE IS FOR LAND - ASSESSMENT INCLUDES BUILDING,
200258,2020,12/31/2020,Enfield,61 CANDLEWOOD,94270,165900,0.5682,Residential,Single Family,,,,POINT (-72.55155 42.01004)
200256,2020,1/20/2021,Groton,28 TAUTOG ST,521430,903500,0.5771,Residential,Single Family,,,,POINT (-72.00969 41.30987)
200051,2020,11/2/2020,Madison,30 EVARTS LN,392900,629000,0.6246,Residential,Condo,,,,POINT (-72.59065 41.2798)
20191,2020,2/22/2021,Darien,31 PATRICIA LANE,646450,1180000,0.5478,Residential,Single Family,,,,POINT (-73.49067 41.0614)
201218,2020,7/15/2021,Danbury,55 MILL PLAIN RD 31-1,106300,236900,0.4487,Residential,Condo,,D15004-216,,
2000228,2020,5/24/2021,Bloomfield,92 ADAMS ROAD,170520,300000,0.5684,Residential,Single Family,,,,POINT (-72.74241 41.87381)
201254,2020,9/24/2021,Hartford,107 HENRY ST,110911,325000,0.3412,Residential,Three Family,,,,
200315,2020,5/6/2021,East Lyme,14 RIVER RD,334600,260000,1.2869,Residential,Single Family,07 - Change in Property,GUTTED INTERIOR SEPTIC EASEMENT FROM TOWN,,POINT (-72.19511 41.36834)
200739,2020,9/24/2021,Farmington,125 BIRDSEYE RD,155270,315000,0.4929,Residential,Single Family,,,,
200240,2020,3/23/2021,Madison,389 COUNTY RD,218500,200000,1.0925,Residential,Single Family,25 - Other,motivated seller,,POINT (-72.65238 41.40895)
200984,2020,7/6/2021,Manchester,41 STEELE FARM DRIVE,292500,530000,0.5518,Residential,Single Family,,,,
200129,2020,4/22/2021,Canton,61 SECRET LAKE ROAD,167910,280000,0.5996,Residential,Single Family,,,,POINT (-72.8789 41.81652)
200011,2020,10/1/2020,Bridgeport,116 BASSICK AVE,76090,148700,0.5117,Residential,Single Family,,,,POINT (-73.21096 41.17154)
200020,2020,12/8/2020,East Granby,96 KIMBERLY ROAD,187800,255000,0.736470588,Residential,Single Family,,"PP TOO LOW, RATIO TOO HIGH",GOOD SALE PER MLS - SOLD OVER ASKING,POINT (-72.75829 41.95346)
200061,2020,10/15/2020,Bristol,161 GRIDLEY ST,75530,90600,0.8336,Residential,Single Family,,,,POINT (-72.95425 41.66752)
200573,2020,7/29/2021,Farmington,44 GARDEN ST UNIT 9,86790,192000,0.452,Residential,Condo,,,,
200283,2020,4/12/2021,Guilford,2160 DURHAM RD,267710,300000,0.892366667,Residential,Single Family,18 - In Lieu Of Foreclosure,,ESTATE SALE. PER MLS HOUSE NEEDS EXTENSIVE RENOVATION.,
2020397,2020,9/3/2021,Berlin,639 HIGH RD,182300,322500,0.5652,Residential,Single Family,,,,POINT (-72.78772 41.63066)
200239,2020,7/30/2021,Mansfield,4 FEDERAL SQ,148400,249900,0.5938,Residential,Condo,,FREEDOM GREEN CONDOS,,
200704,2020,3/15/2021,Danbury,136 PEMBROKE RD 6-48,119200,175000,0.6811,Residential,Condo,,G05015-48,,POINT (-73.47537 41.45338)
200268,2020,4/6/2021,Madison,612 DURHAM RD,203700,400000,0.5092,Residential,Single Family,,,,POINT (-72.60892 41.32021)
200379,2020,3/26/2021,Glastonbury,40 SUMMERSWEET DR,99500,168000,0.5922,Residential,Condo,,,,POINT (-72.58729 41.72406)
2020313,2020,7/1/2021,Berlin,216 WATCH HILL RD,412000,677500,0.6081,Residential,Single Family,,,,
200483,2020,5/26/2021,Groton,150 ANCHORAGE CIR,343420,798000,0.4303,Residential,Single Family,,,,
200245,2020,11/18/2020,Greenwich,15 PALMGER STREET UN10,385000,610000,0.6311,Residential,Condo,,,,POINT (-73.59409 41.04514)
200004,2020,10/2/2020,Bristol,140 FERN HILL RD,138670,275000,0.5042,Residential,Single Family,,,,POINT (-72.94104 41.69381)
200086,2020,8/10/2021,Bethlehem,39 WOODLAND RD,168900,352000,0.4798,Residential,Single Family,,,,POINT (-73.18197 41.64672)
20847,2020,6/7/2021,Hartford,19 WHITMORE ST,145530,373500,0.3896,Apartments,,,,,
201049,2020,6/9/2021,Danbury,11 & 13 TAAGAN POINT RD,316400,350000,0.904,Residential,Single Family,01 - Family,FAMILY / 11 & 13 TAAGAN POINT RD,,POINT (-73.44583 41.43287)
20061,2020,10/30/2020,Farmington,23 JEFFREY DR,160020,250000,0.64,Residential,Single Family,,,,POINT (-72.81088 41.70596)
201501,2020,9/9/2021,Danbury,77 TOPSTONE DR,161000,360000,0.4472,Residential,Single Family,,L14050,,POINT (-73.42103 41.39532)
200422,2020,7/26/2021,Avon,16 PINE HILL ROAD,503430,1030900,0.4883,Residential,Single Family,,,,
20008,2020,11/5/2020,Colebrook,124 STILLMAN HILL ROAD,116600,243000,0.4798,Residential,Single Family,,,,
200195,2020,6/24/2021,Mansfield,10 FORT GRISWOLD,197100,227853,0.865,Residential,Condo,,VILLAGES@FREEDOM GREEN CONDOS,,
200091,2020,1/5/2021,Litchfield,43 NORFOLK RD,163640,75000,2.1818,Residential,Single Family,06 - Portion of Property,,,POINT (-73.19135 41.75989)
200586,2020,6/15/2021,Glastonbury,51 CONESTOGA WAY,114400,262000,0.4366,Residential,Condo,,,,POINT (-72.57476 41.69524)
201546,2020,8/5/2021,Greenwich,106 LOCKWOOD ROAD,2296000,3762500,0.6102,Residential,Single Family,,,,POINT (-73.5788 41.03742)
200665,2020,7/12/2021,Glastonbury,25 HALE RD,160500,300000,0.535,Residential,Single Family,25 - Other,ESTATE SALE,,POINT (-72.57235 41.69738)
200401,2020,5/28/2021,Farmington,1 PARTRIDGE LA,183360,311000,0.5895,Residential,Condo,,,,POINT (-72.88917 41.70118)
200532,2020,9/21/2021,Madison,9 HILLTOP DR,363800,415000,0.8766,Residential,Single Family,25 - Other,sale by exec of estate,,
201018,2020,6/3/2021,Danbury,55 FOREST AV,136900,150000,0.9126,Residential,Single Family,01 - Family,FAMILY TRANSFER / I11200,,
200901,2020,6/17/2021,Manchester,11 CHARIS ROAD,100500,182500,0.5506,Residential,Single Family,,,,POINT (-72.51198 41.80849)
201212,2020,6/17/2021,Greenwich,14 COS COB AVENUE,567770,1490000,0.381,Residential,Three Family,25 - Other,NOT LISTED,,
200506,2020,2/22/2021,Bristol,188 BROOK ST,106680,165000,0.6465,Residential,Single Family,,,,POINT (-72.90799 41.68328)
200763,2020,3/23/2021,Greenwich,31 SCOTT LANE,959910,1115000,0.8609,Residential,Single Family,,,,POINT (-73.63762 41.13994)
200267,2020,6/30/2021,Coventry,280 ROOT RD,92600,285000,0.324912281,Residential,Single Family,07 - Change in Property,,TOTAL RENOVATION PER MLS - SEE PREVIOUS SALE #200023,
201016,2020,5/14/2021,Greenwich,210 WEST LYON FARM DRIVE,918120,1400000,0.6558,Residential,Condo,,,,POINT (-73.65442 41.02708)
200287,2020,4/20/2021,East Lyme,35A SCOTT RD,206990,421000,0.4916,Residential,Single Family,,,,
201024,2020,7/19/2021,Manchester,32 HIGHLAND STREET,94900,162000,0.5858,Residential,Single Family,,,,POINT (-72.50296 41.76474)
200321,2020,12/21/2020,Bristol,172-174 GREENE ST,84980,114547,0.7418,Residential,Two Family,,,,POINT (-72.95558 41.6687)
201308,2020,9/28/2021,Manchester,34 COOLIDGE STREET,88400,184900,0.478,Residential,Single Family,,,,POINT (-72.54593 41.77194)
200526,2020,8/23/2021,Guilford,71 HIGHWOODS DR,265160,466000,0.569,Residential,Single Family,,,,POINT (-72.70499 41.31527)
201278,2020,9/7/2021,Bristol,268 DIVINITY ST UN 14 AKA 2-6,61460,125000,0.4916,Residential,Condo,,,,POINT (-72.95913 41.67051)
200048,2020,12/30/2020,Bethany,3 FAIRWOOD RD,290610,445000,0.653,Residential,Single Family,,,,POINT (-73.0074 41.42331)
200761,2020,3/23/2021,Greenwich,2 WIDGEON WAY,1242500,1875000,0.6626,Residential,Single Family,,,,POINT (-73.6148 41.0362)
20000078,2020,11/20/2020,Brookfield,12 BROOKFIELD MEADOWS,187170,345000,0.5425,Residential,Single Family,,,,
20513,2020,5/4/2021,East Hartford,90 PARK AVE,73340,180000,0.407444444,Residential,Single Family,07 - Change in Property,,COMPLETELY REHABBED PER MLS INCLUDING NEW REAR DECK,POINT (-72.63197 41.77971)
2020148,2020,2/2/2021,Berlin,48 CORNWALL ROAD,180200,296000,0.6087,Residential,Single Family,,,,POINT (-72.79196 41.64571)
200116,2020,3/12/2021,Essex,30 RIVER ROAD DR,428000,1080000,0.396296296,Residential,Single Family,,,GOOD SALE PER MLS,
20099,2020,2/11/2021,Derby,54-56 LAKEVIEW TERR,146580,315000,0.4653,Residential,Two Family,,,,POINT (-73.10932 41.33305)
200054,2020,10/27/2020,East Lyme,38 HOPE ST  #4,149450,249900,0.598,Residential,Condo,,,,POINT (-72.19557 41.32434)
2020098,2020,12/15/2020,Berlin,233 LINCOLN STREET,142700,259000,0.5509,Residential,Single Family,,,,
20004,2020,10/13/2020,Lebanon,88 LAKESIDE DR,175540,250000,0.7021,Residential,Single Family,,,,POINT (-72.23248 41.55462)
200394,2020,3/15/2021,Enfield,72 WYNWOOD DR,91680,160000,0.573,Residential,Condo,,,,POINT (-72.56823 41.94712)
200853,2020,6/4/2021,Manchester,7 LINCOLN STREET,84200,150000,0.5613,Residential,Single Family,,,,
200106,2020,11/13/2020,Glastonbury,50 PENWOOD XING,585700,985000,0.5946,Residential,Single Family,,,,
20376,2020,6/24/2021,Bethel,23 GREAT HILL DRIVE,119832,619423,0.1934,Residential,Condo,07 - Change in Property,,,
2000490,2020,8/30/2021,Cheshire,11 HILLTOP RD,186320,242500,0.7683,Residential,Single Family,14 - Foreclosure,,,
20000172,2020,2/16/2021,Brookfield,129 NORTH LAKE SHORE DR,230610,500000,0.4612,Residential,Single Family,,,,
200106,2020,12/2/2020,East Lyme,25 REGATTA DR,313810,425000,0.7383,Residential,Condo,,,,
200354,2020,6/1/2021,Madison,113 SPORTSMANS HILL RD,185700,410000,0.4529,Residential,Single Family,,,,
201289,2020,8/2/2021,Danbury,1 LAKEVIEW TL,139300,230000,0.6056,Residential,Single Family,,G03056,,POINT (-73.4703 41.45416)
201006,2020,10/6/2020,Griswold,148 MATHEWSON STREET UNIT 401,89600,155000,0.578064516,Residential,Condo,,,,POINT (-71.9816 41.61047)
201260,2020,9/2/2021,Bristol,216 WILDERNESS WAY,201530,375000,0.5374,Residential,Single Family,,,,
201072,2020,7/30/2021,Manchester,104 PEILA DRIVE,129200,270000,0.4785,Residential,Single Family,,,,
2020222,2020,4/12/2021,Berlin,41 KENTON ST,168300,240000,0.7012,Residential,Single Family,,,,POINT (-72.78085 41.62499)
200189,2020,12/4/2020,Enfield,1 ARTHUR AVE,102970,188000,0.5477,Residential,Single Family,,,,
200080,2020,5/20/2021,Columbia,420 ROUTE 66 SOUTH,41000,65000,0.6307,Vacant Land,,,,,POINT (-72.33775 41.67759)
20855,2020,6/8/2021,Hartford,53 CONGRESS ST #053C,37595,78000,0.4819,Residential,Condo,,,,POINT (-72.67607 41.75351)
20138,2020,4/5/2021,Derby,3A SILVER HILL CONDO,50960,86000,0.5925,Residential,Condo,,,,POINT (-73.11004 41.34147)
200559,2020,7/22/2021,Farmington,100 WOODRUFF RD,196170,422000,0.4648,Residential,Single Family,,,,
20000029,2020,10/20/2020,Brookfield,40 LEDGEWOOD DR,166530,300000,0.5551,Residential,Condo,,,,POINT (-73.39218 41.46363)
2000184,2020,2/16/2021,Cheshire,474 MAPLE AVE,380070,699900,0.543,Residential,Single Family,,,,POINT (-72.90162 41.51102)
10201,2001,7/1/2002,East Windsor,92 GRIFFIN RD,107010,227000,0.471409692,,,,,,
200244,2020,4/15/2021,Avon,239 OLD FARMS RD 13B,58590,4500,13.02,Residential,Condo,08 - Part Interest,,,
200840,2020,6/1/2021,Manchester,62 ELDRIDGE STREET,138900,155000,0.8961,Residential,Single Family,,,,
200558,2020,6/22/2021,Groton,72-2 BUDDINGTON RD,61810,120000,0.515,Residential,Condo,,,,POINT (-72.04608 41.36487)
200310,2020,1/26/2021,Enfield,33 JONDOT DR,121400,206000,0.5893,Residential,Single Family,,,,
200125,2020,12/1/2020,Guilford,174 NUT PLAINS RD,152050,264000,0.5759,Residential,Single Family,,,,
200011,2020,10/13/2020,Cromwell,3 HAWTHORN,93800,175000,0.536,Residential,Condo,,,,
201207,2020,9/1/2021,Manchester,77 SHALLOWBROOK LANE,145800,300000,0.486,Residential,Single Family,,,,POINT (-72.52055 41.73935)
200032,2020,10/19/2020,Madison,10 ARROWHEAD RD,209400,475000,0.4408,Residential,Single Family,,,,POINT (-72.64111 41.27666)
200030,2020,3/9/2021,Bridgewater,67 BOTSFORD HILL ROAD,666600,1046945,0.6367,Residential,Single Family,17 - Two Towns,AKA  -0- Townline Road,,POINT (-73.33569 41.52888)
200353,2020,12/10/2020,Greenwich,45 LAKE DRIVE SOUTH,1157450,2225000,0.5202,Residential,Single Family,,,,
201058,2020,5/24/2021,Greenwich,17 EAST LYON FARM DRIVE,687890,940000,0.7317,Residential,Condo,,,,POINT (-73.65373 41.03028)
200056,2020,10/13/2020,Greenwich,59 CHERRY VALLEY ROAD,1284500,1200000,1.0704,Residential,Single Family,10 - A Will,,,POINT (-73.65942 41.09855)
200220,2020,7/19/2021,Mansfield,87 MONTICELLO LANE,330900,605000,0.5469,Residential,Single Family,,,,POINT (-72.23629 41.79186)
201076,2020,7/21/2021,Bristol,351 MATTHEWS ST,318780,540000,0.5903,Residential,Single Family,,,,POINT (-72.96658 41.68589)
20601,2020,9/7/2021,Darien,17 WALMSLEY RD,565530,1125000,0.5026,Residential,Single Family,,,,POINT (-73.49836 41.06566)
2000203,2020,3/1/2021,Cheshire,560 OAK AVE U15,97840,196000,0.4991,Residential,Condo,,,,POINT (-72.91918 41.49172)
200250,2020,1/15/2021,Groton,255 NEPTUNE DR,751520,1325000,0.5671,Residential,Single Family,,,,
200050,2020,12/8/2020,Easton,31 KACHELE STREET,494130,685000,0.7213,Residential,Single Family,,,,POINT (-73.24946 41.25303)
200462,2020,4/30/2021,Glastonbury,82 SOUTH MILL DR,165000,247500,0.6666,Residential,Condo,,,,
201539,2020,9/20/2021,Danbury,6 FAIRFIELD AV,237900,410000,0.5802,Residential,Two Family,,J16119,,
200000259,2020,5/17/2021,Brookfield,23 RIVERVIEW CT,191900,315000,0.6092,Residential,Condo,,,,
201629,2020,8/23/2021,Greenwich,15 TOMAHAWK LANE,2712290,3950000,0.6866,Residential,Single Family,,,,
200101,2020,12/14/2020,Killingly,285 NO SHORE RD,148470,215000,0.6905,Residential,Single Family,,,,
200098,2020,1/11/2021,Colchester,14 WOODACRES RD,191900,335000,0.5728,Residential,Single Family,,,,POINT (-72.32448 41.61539)
200102,2020,12/2/2020,Madison,22 DOWNING WAY,239200,358000,0.6681,Residential,Condo,25 - Other,assignment of leasehold interest,,
200427,2020,4/30/2021,Groton,66 PEARL ST (NOANK),283990,760000,0.373671053,Residential,Single Family,07 - Change in Property,CHANGE AFTER SALE - ASSESSOR,,
200089,2020,11/4/2020,Groton,2 BURGEVILLE CT,93030,189000,0.4922,Residential,Single Family,,,,POINT (-72.08285 41.36873)
200042,2020,10/19/2020,Glastonbury,23 REDBUD LN,99400,170000,0.5847,Residential,Condo,,,,
2000210,2020,5/4/2021,Bloomfield,70 PROSPECT STREET,139790,250000,0.5591,Residential,Single Family,,,,
200700,2020,7/13/2021,Enfield,8 SHANNON DR,161590,310000,0.5212,Residential,Single Family,,,,
201262,2020,6/28/2021,Greenwich,8 LINWOOD AVENUE,671160,975000,0.6883,Residential,Single Family,,,,
20000196,2020,6/30/2021,Granby,70 SILVER BROOK LN,324730,615000,0.528,Residential,Single Family,,,,POINT (-72.84279 42.036)
200426,2020,1/19/2021,Bristol,47 EAST NEW ST,93310,139000,0.6712,Residential,Single Family,,,,POINT (-72.91236 41.67605)
200211,2020,7/26/2021,Canton,8 ELIZABETH ROAD,276400,440000,0.628181818,Residential,Single Family,,,,POINT (-72.87883 41.81551)
200109,2020,12/9/2020,Avon,57 FAR HILLS DRIVE,847520,1250000,0.678,Residential,Single Family,,,,
20005,2020,10/9/2020,Burlington,11 JENNIFER LANE,197400,330000,0.5981,Residential,Single Family,,,,
200408,2020,7/8/2021,East Lyme,108 E SHORE DR,641410,1399000,0.4584,Residential,Single Family,,2 SINGLE FAMILY DWELLINGS ON 1 LOT,,POINT (-72.20356 41.29248)
2020280,2020,6/4/2021,Berlin,11 RONAL DR,163400,325000,0.5027,Residential,Single Family,,,,POINT (-72.73806 41.62819)
200108,2020,9/13/2021,Kent,25 NORTH MAIN ST U5B,78800,172500,0.4568,Commercial,,,"19/14/2/U05/B = 70,300 & 19/14/2/SBMT/UB1 = 8,500",,
200427,2020,7/26/2021,East Lyme,24 SEA BREEZE AVE,175350,400000,0.4383,Residential,Single Family,,,,POINT (-72.20722 41.2977)
200022,2020,10/23/2020,Colchester,8 GARY LN,385400,530000,0.7271,Residential,Single Family,,,,POINT (-72.35419 41.54181)
200182,2020,6/1/2021,Litchfield,383 E LITCHFIELD RD,204210,45000,4.538,Residential,Single Family,06 - Portion of Property,,,POINT (-73.13009 41.76097)
200463,2020,8/13/2021,East Lyme,GOLDFINCH TERR,101710,107900,0.9426,Vacant Land,,06 - Portion of Property,LOT LINES REVISED,,
200297,2020,4/22/2021,Guilford,125 LEATHERMAN RD,464450,901000,0.5154,Residential,Single Family,,,,
200299,2020,12/2/2020,Manchester,89 TONICA SPRING TRAIL,209300,384900,0.5437,Residential,Single Family,,,,
200793,2020,4/1/2021,Greenwich,22 SHOAL POINT LANE,2075290,3100000,0.6694,Vacant Land,,25 - Other,NOT LISTED,,POINT (-73.57462 41.02758)
20143,2020,11/23/2020,East Hartford,73 MARGERY DR,99730,164000,0.6081,Residential,Single Family,25 - Other,ESTATE/ DEPRESSED SALE,,POINT (-72.598 41.75573)
20700,2020,4/26/2021,Hartford,145 MAGNOLIA ST,4690,19082,0.2457,Vacant Land,,09 - Tax,(NO CONVEYANCE) TAX COLLECTOR'S DEED,,
200454,2020,7/14/2021,Guilford,1171 WEST LAKE AVE,170440,260000,0.6555,Residential,Single Family,,,,POINT (-72.7409 41.33521)
2020038,2020,10/28/2020,Ansonia,121 ROCKWOOD AVE,126400,230000,0.5495,Residential,Single Family,,,,POINT (-73.07174 41.35778)
201088,2020,8/3/2021,Manchester,69 TRACY DRIVE,113900,247000,0.4611,Residential,Single Family,,,,
201055,2020,7/15/2021,Bristol,108 POND VIEW LN,235830,398000,0.5925,Residential,Single Family,,,,
201360,2020,8/12/2021,Danbury,6 STONEGATE CT,318500,540000,0.589814815,Residential,Single Family,25 - Other,ESTATE / D09114,,POINT (-73.5101 41.42091)
20351,2020,5/24/2021,Darien,36 SHIELDS ROAD,1077160,2020000,0.5332,Residential,Single Family,,,,POINT (-73.48848 41.07637)
2000342,2020,8/2/2021,Bloomfield,4 ARNOLD DRIVE,200410,366000,0.5475,Residential,Single Family,,,,POINT (-72.76114 41.84153)
2020180,2020,3/1/2021,Berlin,1539 FARMINGTON AVE,234200,130000,1.8015,Residential,Two Family,08 - Part Interest,,,
200624,2020,8/9/2021,East Haven,78 HIGHLAND AVE,125250,461000,0.271691974,Residential,Two Family,07 - Change in Property,,TOTAL RENOVATION PER MLS,
